automation,automation_level,capture_step,closing_speed_at_min,colreg_role,course_change_after_warning_deg,dest_range_final,destination_step,dt,episode,event_grade,event_grade_name,event_score,final_distance,first_encounter_step,first_encounter_type,guide_sample,init_heading_deg,init_speed,max_cri,max_severity,mean_speed,merge_sample,min_dcpa,min_distance,own_path_len,progress,route_length,rudder_change_mean,rudder_mean_abs,scenario,scn_course_diff_deg,scn_dcpa_offset_nm,scn_initial_bearing_deg,scn_initial_range_nm,scn_t_meet_min,scn_target_course_deg,steps,steps_sev1,steps_sev2,steps_sev3,success,target_evasions,target_speed,task,termination,throttle_change_mean,total_reward,xte_mean
none,none,-1,0.37208479770024494,both_give_way,-11.179391043754128,1150.5340328207535,300,10.0,0,1,close_quarters,53.23,12831.794930909942,5,head_on,48,40.07788034136007,5.1661642161718415,0.3489874372749339,1,5.53267740045602,135,16.404546603731887,1263.1323373900798,16598.03220136806,5824.386688392792,5824.386688392792,0.038461538461538464,0.8866666666666667,head_on,185.9496251863856,-0.2527646797428006,0.3021429610823076,5.5752296838315285,17.13347722920078,-133.97249447225437,300,42,0,0,0,0,5.4915660267074795,navigate,timeout,0.0,-107.58411538134571,992.52007008672
none,none,79,12.91485586972085,both_give_way,,167.1602928235494,79,10.0,1,0,safe_passage,37.16,8435.629349004259,-1,none,182,34.88438527784537,7.121315208778111,0.002538729816975577,0,7.237580349323972,71,298.1582970984874,8435.629349004259,5717.688475965938,5691.951344831546,5858.287109955366,0.05128205128205128,0.25949367088607594,head_on,175.2646281569805,-0.2972222140029685,-3.889730897769942,10.238701763623594,23.48596576538746,-149.8509865651741,79,0,0,0,1,0,6.621146853791457,navigate,destination,0.0,101.17704360744594,39.186746021738166
none,none,-1,0.2846311842272371,both_give_way,9.045328764036812,1826.868425196346,300,10.0,2,1,close_quarters,48.6,11704.236962916571,50,crossing_port,13,54.052187704899,7.17775656692883,0.02332287571677453,1,5.975441898037657,195,8.409618034941033,4659.582765005898,17926.32569411297,5856.995727617903,5856.995727617903,0.028428093645484948,0.81,head_on,176.47612693662637,-0.13317516015479083,-2.596993480134381,10.904120049463163,21.64088350639253,-129.47168535847462,300,28,0,0,0,0,7.789725271631234,navigate,timeout,0.0,-98.98011454115797,1133.5930892311508
none,none,-1,0.30935650094168066,give_way,-17.553333340287267,1425.1775008442087,300,10.0,0,1,close_quarters,54.37,10074.713057710549,10,crossing_starboard,48,40.07788034136007,5.1661642161718415,0.4360883187855578,1,5.5474844970473605,135,18.85696861855777,988.9558815904212,16642.45349114208,5824.386688392792,5824.386688392792,0.038461538461538464,0.8816666666666667,crossing_starboard,119.74812593192802,-0.2527646797428006,-31.807013016470236,4.963766783962342,17.13347722920078,159.82600627328807,300,51,0,0,0,0,5.4915660267074795,navigate,timeout,0.0,-117.01022803784164,1012.4494929081659
none,none,79,7.524054475004869,give_way,,167.1602928235494,79,10.0,1,0,safe_passage,44.81,5268.440467267898,-1,none,182,34.88438527784537,7.121315208778111,0.005878671048673082,0,7.237580349323972,71,64.9594690200992,5268.440467267898,5717.688475965938,5691.951344831546,5858.287109955366,0.05128205128205128,0.25949367088607594,crossing_starboard,66.32314078490253,-0.2972222140029685,-53.46798236124444,5.855616899449101,23.48596576538746,101.20752606274792,79,0,0,0,1,0,6.621146853791457,navigate,destination,0.0,101.17704360744594,39.186746021738166
none,none,78,9.4504582732372,give_way,-3.8743983630198597,134.28039633062536,78,10.0,2,1,close_quarters,55.47,4181.659263843872,27,crossing_starboard,13,54.052187704899,7.17775656692883,0.024101714189019872,1,7.3501599519629295,195,61.950157307451654,4181.659263843872,5733.124762531085,5722.972273799033,5856.995727617903,0.07142857142857142,0.1858974358974359,crossing_starboard,72.38063468313182,-0.13317516015479083,-60.39729842407342,6.58947728002596,21.64088350639253,126.43282238803081,78,1,0,0,1,0,7.789725271631234,navigate,destination,0.0,100.92196313659218,28.04454687083882
none,none,-1,4.912995717396882,stand_on,1.8002604234876753,1826.7571605235798,71,10.0,0,2,domain_infringement,68.92,622.9875100447885,0,crossing_port,48,40.07788034136007,5.1661642161718415,0.48573172849726975,2,5.86672835413944,135,6.439606665196933,622.9875100447885,4165.377131439002,4008.680049428267,5824.386688392792,0.07142857142857142,0.7816901408450704,crossing_port,-60.251874068072,-0.2527646797428006,54.29551728410556,2.5992293478995268,17.13347722920078,-20.173993726711917,71,65,1,0,0,0,5.4915660267074795,navigate,domain_violation,0.0,-67.91601916252316,282.0227682446063
none,none,79,10.459441207228702,stand_on,,167.1602928235494,79,10.0,1,0,safe_passage,27.84,6662.627660081145,-1,none,182,34.88438527784537,7.121315208778111,0.004454537118675654,0,7.237580349323972,71,514.4500715087677,6662.627660081145,5717.688475965938,5691.951344831546,5858.287109955366,0.05128205128205128,0.25949367088607594,crossing_port,-113.67685921509747,-0.2972222140029685,29.21292869368978,8.422560229739513,23.48596576538746,-78.79247393725211,79,0,0,0,1,0,6.621146853791457,navigate,destination,0.0,101.17704360744594,39.186746021738166
none,none,78,9.85751472087677,stand_on,,161.52554781711143,78,10.0,2,0,safe_passage,49.85,7780.526726642161,-1,none,13,54.052187704899,7.17775656692883,0.0031142942274871195,0,7.321128060332214,195,1.245394747726004,7780.526726642161,5710.479887059127,5697.857608117955,5856.995727617903,0.06493506493506493,0.24358974358974358,crossing_port,-107.61936531686818,-0.13317516015479083,38.73804408996887,8.730195283861825,21.64088350639253,-53.567177611969186,78,0,0,0,1,0,7.789725271631234,navigate,destination,0.0,101.68735417062084,28.258782545789938
none,none,68,2.473697043727043,give_way,8.40076358055891,142.75558234512425,68,10.0,0,1,close_quarters,41.04,2098.2934275656135,27,overtaking,48,40.07788034136007,8.928356092645075,0.02143017142678865,1,8.366536723818585,135,233.6583259004893,2098.2934275656135,5689.244972196639,5684.967394722424,5824.386688392792,0.14925373134328357,0.18382352941176472,overtaking,14.874062965964004,-0.2527646797428006,-17.294024807300552,2.390271168731141,13.849013598640674,54.951943307324086,68,2,0,0,1,0,4.451103264139253,navigate,destination,0.0,100.15291016475368,22.369964709291708
none,none,65,2.546907876760224,give_way,,165.9200932600567,65,10.0,1,0,safe_passage,23.48,3481.541428303456,-1,none,182,34.88438527784537,9.76627794661919,0.0019795998154774164,0,8.80770027914275,71,442.15808192117737,3481.541428303456,5725.005181442788,5692.746820129782,5858.287109955366,0.0703125,0.3230769230769231,overtaking,-11.838429607548731,-0.2972222140029685,6.61619030528383,3.0497662404866,19.354503663335798,23.045955670296635,65,0,0,0,1,0,5.277715585999893,navigate,destination,0.0,101.93545169468928,45.212621412379896
none,none,64,1.915807482809214,give_way,-2.0760982749853776,142.75894081797603,64,10.0,2,1,close_quarters,49.36,2279.517676408537,31,overtaking,13,54.052187704899,9.790467100112355,0.006481717437582374,1,8.953416951392265,195,22.742701113425543,2279.517676408537,5730.1868488910495,5716.3411642918245,5856.995727617903,0.09523809523809523,0.28125,overtaking,-8.80968265843409,-0.13317516015479083,10.37153238729148,2.2246294166550955,17.755432372206858,45.24250504646489,64,2,0,0,1,0,5.634553193088569,navigate,destination,0.0,100.70841600419942,28.615250422117835
none,none,97,0.0021045516683898314,stand_on,3.250780793791903,155.20888456673057,97,10.0,0,1,close_quarters,48.9,1593.5239578709009,0,overtaken,48,40.07788034136007,3.6189040617633834,0.07617419468116798,1,5.851637799555347,135,13.293507110513676,1528.124559636043,5676.088665568686,5672.33978818628,5824.386688392792,0.052083333333333336,0.13917525773195877,overtaken,14.874062965964004,-0.2527646797428006,-131.75363534859173,1.201816410216403,13.849013598640674,54.951943307324086,97,11,0,0,1,0,6.259575861348708,navigate,destination,0.0,90.7055399173714,18.22159111206952
none,none,95,0.6097319781961232,stand_on,,134.68335907033565,95,10.0,1,0,safe_passage,39.39,1885.954466883511,-1,none,182,34.88438527784537,4.17751863107946,0.02536304141237241,0,6.039091382198369,71,37.143514179442406,1885.954466883511,5737.13681308845,5725.231277083925,5858.287109955366,0.06382978723404255,0.1736842105263158,overtaken,-11.838429607548731,-0.2972222140029685,161.19500202861929,2.0322114198702517,19.354503663335798,23.045955670296635,95,0,0,0,1,0,7.74884998598837,navigate,destination,0.0,100.92061348980482,26.181235021550734
none,none,94,0.08797422332722818,stand_on,,163.39515437410626,94,10.0,2,0,safe_passage,40.23,3734.8184699535254,-1,none,13,54.052187704899,4.193644733408237,0.051233585913805335,0,6.063183887508458,195,14.5764854045278,3567.300059488572,5699.392854257951,5693.590819888505,5856.995727617903,0.03763440860215054,0.13297872340425532,overtaken,-8.80968265843409,-0.13317516015479083,166.08362107642154,2.672129488407625,17.755432372206858,45.24250504646489,94,0,0,0,1,0,8.191288319260318,navigate,destination,0.0,100.99332468857374,21.94912653286953
none,none,-1,0.24347932258277752,stand_on,-3.2843148098163035,2476.1060824281894,145,10.0,0,1,close_quarters,30.21,6458.8772335734775,0,crossing_port,48,40.07788034136007,5.1661642161718415,0.44716064052958443,1,6.124262373881096,135,580.5526830287431,959.124565202291,8880.180442127588,5824.386688392792,5824.386688392792,0.0763888888888889,0.9172413793103448,data,,,,,,,145,30,0,0,0,0,3.678797507411181,navigate,own_out_of_map,0.0,-27.926805315096114,589.2444575937079
none,none,97,0.2092551511495458,unknown,,153.43491577933645,97,10.0,1,0,safe_passage,39.5,1947.1344979759012,-1,none,183,49.79135122730751,3.551078736333993,0.24927823694642448,0,5.854044136785837,199,102.91520664763976,1662.746025292696,5678.422812682262,5679.680200457142,5833.201490840715,0.015625,0.03608247422680412,data,,,,,,,97,0,0,0,1,0,2.827487299251865,navigate,destination,0.0,101.0348053256576,16.571360794159443
none,none,79,0.24120175743669278,both_give_way,-5.887269221529863,134.09795982422614,79,10.0,2,1,close_quarters,24.62,1384.2348401160348,16,head_on,182,34.88438527784537,7.121315208778111,0.31422071116980455,1,7.2629174842476525,71,663.6388095612385,1384.2348401160348,5737.704812555646,5724.466584526223,5858.287109955366,0.07051282051282051,0.27848101265822783,data,,,,,,,79,8,0,0,1,0,4.184390961471112,navigate,destination,0.0,93.87438194529219,28.007097499251348
manual,manual,-1,10.819279180944454,both_give_way,-11.179391043754128,982.582693908879,85,10.0,0,2,domain_infringement,72.81,910.6317536015512,5,head_on,48,40.07788034136007,5.1661642161718415,0.5415876104830191,2,5.943822508806016,135,53.53055551979102,910.6317536015512,5052.2491324851135,4851.681046511174,5824.386688392792,0.07738095238095238,0.8235294117647058,head_on,185.9496251863856,-0.2527646797428006,0.3021429610823076,5.5752296838315285,17.13347722920078,-133.97249447225437,85,73,1,0,0,1,5.4915660267074795,navigate,domain_violation,0.0,-70.41836441992695,263.6087182567134
manual,manual,79,12.91485586972085,both_give_way,,167.1602928235494,79,10.0,1,0,safe_passage,37.16,8435.629349004259,-1,none,182,34.88438527784537,7.121315208778111,0.002538729816975577,0,7.237580349323972,71,298.1582970984874,8435.629349004259,5717.688475965938,5691.951344831546,5858.287109955366,0.05128205128205128,0.25949367088607594,head_on,175.2646281569805,-0.2972222140029685,-3.889730897769942,10.238701763623594,23.48596576538746,-149.8509865651741,79,0,0,0,1,0,6.621146853791457,navigate,destination,0.0,101.17704360744594,39.186746021738166
manual,manual,-1,0.36171824594439383,both_give_way,9.045328764036812,1826.868425196346,300,10.0,2,1,close_quarters,49.01,11637.556921140163,50,crossing_port,13,54.052187704899,7.17775656692883,0.04534364129290789,1,5.975441898037657,195,8.409618034941033,4684.520447375902,17926.32569411297,5856.995727617903,5856.995727617903,0.028428093645484948,0.81,head_on,176.47612693662637,-0.13317516015479083,-2.596993480134381,10.904120049463163,21.64088350639253,-129.47168535847462,300,36,0,0,0,1,7.789725271631234,navigate,timeout,0.0,-106.98011454115797,1133.5930892311508
manual,manual,-1,9.644358114396983,give_way,-17.553333340287267,562.3289209328034,92,10.0,0,2,domain_infringement,74.44,881.2218905176336,10,crossing_starboard,48,40.07788034136007,5.1661642161718415,0.5284567122646889,2,5.983494859523749,135,2.9630627548501063,881.2218905176336,5504.815270761849,5306.742138064295,5824.386688392792,0.07692307692307693,0.7880434782608695,crossing_starboard,119.74812593192802,-0.2527646797428006,-31.807013016470236,4.963766783962342,17.13347722920078,159.82600627328807,92,73,1,0,0,2,5.4915660267074795,navigate,domain_violation,0.0,-66.4987688384034,249.27290793648044
manual,manual,79,7.524054475004869,give_way,,167.1602928235494,79,10.0,1,0,safe_passage,44.81,5268.440467267898,-1,none,182,34.88438527784537,7.121315208778111,0.005878671048673082,0,7.237580349323972,71,64.9594690200992,5268.440467267898,5717.688475965938,5691.951344831546,5858.287109955366,0.05128205128205128,0.25949367088607594,crossing_starboard,66.32314078490253,-0.2972222140029685,-53.46798236124444,5.855616899449101,23.48596576538746,101.20752606274792,79,0,0,0,1,0,6.621146853791457,navigate,destination,0.0,101.17704360744594,39.186746021738166
manual,manual,78,9.4504582732372,give_way,-3.8743983630198597,134.28039633062536,78,10.0,2,1,close_quarters,55.47,4181.659263843872,27,crossing_starboard,13,54.052187704899,7.17775656692883,0.024101714189019872,1,7.3501599519629295,195,61.950157307451654,4181.659263843872,5733.124762531085,5722.972273799033,5856.995727617903,0.07142857142857142,0.1858974358974359,crossing_starboard,72.38063468313182,-0.13317516015479083,-60.39729842407342,6.58947728002596,21.64088350639253,126.43282238803081,78,1,0,0,1,0,7.789725271631234,navigate,destination,0.0,100.92196313659218,28.04454687083882
manual,manual,-1,6.186002430452743,stand_on,1.8002604234876753,2060.406563142581,67,10.0,0,2,domain_infringement,71.89,535.2220473102464,0,crossing_port,48,40.07788034136007,5.1661642161718415,0.5861511094750297,2,5.853103611307275,135,2.097992733139101,535.2220473102464,3921.5794195758745,3769.476156480309,5824.386688392792,0.06818181818181818,0.8283582089552238,crossing_port,-60.251874068072,-0.2527646797428006,54.29551728410556,2.5992293478995268,17.13347722920078,-20.173993726711917,67,61,1,0,0,1,5.4915660267074795,navigate,domain_violation,0.0,-65.66952552038907,286.44962015271057
manual,manual,79,10.459441207228702,stand_on,,167.1602928235494,79,10.0,1,0,safe_passage,27.84,6662.627660081145,-1,none,182,34.88438527784537,7.121315208778111,0.004454537118675654,0,7.237580349323972,71,514.4500715087677,6662.627660081145,5717.688475965938,5691.951344831546,5858.287109955366,0.05128205128205128,0.25949367088607594,crossing_port,-113.67685921509747,-0.2972222140029685,29.21292869368978,8.422560229739513,23.48596576538746,-78.79247393725211,79,0,0,0,1,0,6.621146853791457,navigate,destination,0.0,101.17704360744594,39.186746021738166
manual,manual,78,9.85751472087677,stand_on,,161.52554781711143,78,10.0,2,0,safe_passage,49.85,7780.526726642161,-1,none,13,54.052187704899,7.17775656692883,0.0031142942274871195,0,7.321128060332214,195,1.245394747726004,7780.526726642161,5710.479887059127,5697.857608117955,5856.995727617903,0.06493506493506493,0.24358974358974358,crossing_port,-107.61936531686818,-0.13317516015479083,38.73804408996887,8.730195283861825,21.64088350639253,-53.567177611969186,78,0,0,0,1,0,7.789725271631234,navigate,destination,0.0,101.68735417062084,28.258782545789938
manual,manual,68,2.473697043727043,give_way,8.40076358055891,142.75558234512425,68,10.0,0,1,close_quarters,41.04,2098.2934275656135,27,overtaking,48,40.07788034136007,8.928356092645075,0.02143017142678865,1,8.366536723818585,135,233.6583259004893,2098.2934275656135,5689.244972196639,5684.967394722424,5824.386688392792,0.14925373134328357,0.18382352941176472,overtaking,14.874062965964004,-0.2527646797428006,-17.294024807300552,2.390271168731141,13.849013598640674,54.951943307324086,68,2,0,0,1,0,4.451103264139253,navigate,destination,0.0,100.15291016475368,22.369964709291708
manual,manual,65,2.546907876760224,give_way,,165.9200932600567,65,10.0,1,0,safe_passage,23.48,3481.541428303456,-1,none,182,34.88438527784537,9.76627794661919,0.0019795998154774164,0,8.80770027914275,71,442.15808192117737,3481.541428303456,5725.005181442788,5692.746820129782,5858.287109955366,0.0703125,0.3230769230769231,overtaking,-11.838429607548731,-0.2972222140029685,6.61619030528383,3.0497662404866,19.354503663335798,23.045955670296635,65,0,0,0,1,0,5.277715585999893,navigate,destination,0.0,101.93545169468928,45.212621412379896
manual,manual,64,1.915807482809214,give_way,-2.0760982749853776,142.75894081797603,64,10.0,2,1,close_quarters,49.36,2279.517676408537,31,overtaking,13,54.052187704899,9.790467100112355,0.006481717437582374,1,8.953416951392265,195,22.742701113425543,2279.517676408537,5730.1868488910495,5716.3411642918245,5856.995727617903,0.09523809523809523,0.28125,overtaking,-8.80968265843409,-0.13317516015479083,10.37153238729148,2.2246294166550955,17.755432372206858,45.24250504646489,64,2,0,0,1,0,5.634553193088569,navigate,destination,0.0,100.70841600419942,28.615250422117835
manual,manual,97,0.0021045516683898314,stand_on,3.250780793791903,155.20888456673057,97,10.0,0,1,close_quarters,48.9,1593.5239578709009,0,overtaken,48,40.07788034136007,3.6189040617633834,0.07617419468116798,1,5.851637799555347,135,13.293507110513676,1528.124559636043,5676.088665568686,5672.33978818628,5824.386688392792,0.052083333333333336,0.13917525773195877,overtaken,14.874062965964004,-0.2527646797428006,-131.75363534859173,1.201816410216403,13.849013598640674,54.951943307324086,97,11,0,0,1,0,6.259575861348708,navigate,destination,0.0,90.7055399173714,18.22159111206952
manual,manual,95,0.6097319781961232,stand_on,,134.68335907033565,95,10.0,1,0,safe_passage,39.39,1885.954466883511,-1,none,182,34.88438527784537,4.17751863107946,0.02536304141237241,0,6.039091382198369,71,37.143514179442406,1885.954466883511,5737.13681308845,5725.231277083925,5858.287109955366,0.06382978723404255,0.1736842105263158,overtaken,-11.838429607548731,-0.2972222140029685,161.19500202861929,2.0322114198702517,19.354503663335798,23.045955670296635,95,0,0,0,1,0,7.74884998598837,navigate,destination,0.0,100.92061348980482,26.181235021550734
manual,manual,94,0.08797422332722818,stand_on,,163.39515437410626,94,10.0,2,0,safe_passage,40.23,3734.8184699535254,-1,none,13,54.052187704899,4.193644733408237,0.051233585913805335,0,6.063183887508458,195,14.5764854045278,3567.300059488572,5699.392854257951,5693.590819888505,5856.995727617903,0.03763440860215054,0.13297872340425532,overtaken,-8.80968265843409,-0.13317516015479083,166.08362107642154,2.672129488407625,17.755432372206858,45.24250504646489,94,0,0,0,1,0,8.191288319260318,navigate,destination,0.0,100.99332468857374,21.94912653286953
manual,manual,-1,0.17002049295144844,stand_on,4.824462994578904,1283.3254138790082,300,10.0,0,1,close_quarters,53.32,7203.728977972078,0,crossing_port,48,40.07788034136007,5.1661642161718415,0.429802381511844,1,5.855458357609484,135,37.77688673577186,1019.3019925573938,17566.37507282845,5824.386688392792,5824.386688392792,0.06354515050167224,0.8566666666666667,data,,,,,,,300,31,0,0,0,3,3.678797507411181,navigate,timeout,0.0,-96.35912212544605,1162.6995341331601
manual,manual,97,0.2092551511495458,unknown,,153.43491577933645,97,10.0,1,0,safe_passage,39.5,1947.1344979759012,-1,none,183,49.79135122730751,3.551078736333993,0.24927823694642448,0,5.854044136785837,199,102.91520664763976,1662.746025292696,5678.422812682262,5679.680200457142,5833.201490840715,0.015625,0.03608247422680412,data,,,,,,,97,0,0,0,1,0,2.827487299251865,navigate,destination,0.0,101.0348053256576,16.571360794159443
manual,manual,79,0.24120175743669278,both_give_way,-5.887269221529863,134.09795982422614,79,10.0,2,1,close_quarters,24.62,1384.2348401160348,16,head_on,182,34.88438527784537,7.121315208778111,0.31422071116980455,1,7.2629174842476525,71,663.6388095612385,1384.2348401160348,5737.704812555646,5724.466584526223,5858.287109955366,0.07051282051282051,0.27848101265822783,data,,,,,,,79,8,0,0,1,0,4.184390961471112,navigate,destination,0.0,93.87438194529219,28.007097499251348
assisted,assisted,-1,10.363412339356216,both_give_way,-15.327765709757042,755.4645326009247,85,10.0,0,2,domain_infringement,75.43,685.3456070186512,5,head_on,48,40.07788034136007,5.1661642161718415,0.5846334400547966,2,6.139873681586126,135,7.802638166199832,685.3456070186512,5218.892629348207,5090.164619805202,5824.386688392792,0.11904761904761904,0.8117647058823529,head_on,185.9496251863856,-0.2527646797428006,0.3021429610823076,5.5752296838315285,17.13347722920078,-133.97249447225437,85,66,1,0,0,1,5.4915660267074795,navigate,domain_violation,0.0,-59.91263506443062,233.47165726703824
assisted,assisted,79,12.91485586972085,both_give_way,,167.1602928235494,79,10.0,1,0,safe_passage,37.16,8435.629349004259,-1,none,182,34.88438527784537,7.121315208778111,0.002538729816975577,0,7.237580349323972,71,298.1582970984874,8435.629349004259,5717.688475965938,5691.951344831546,5858.287109955366,0.05128205128205128,0.25949367088607594,head_on,175.2646281569805,-0.2972222140029685,-3.889730897769942,10.238701763623594,23.48596576538746,-149.8509865651741,79,0,0,0,1,0,6.621146853791457,navigate,destination,0.0,101.17704360744594,39.186746021738166
assisted,assisted,-1,0.0322294594127925,both_give_way,-10.126540818728909,2410.130870096783,300,10.0,2,1,close_quarters,48.5,11724.589156028884,48,crossing_port,13,54.052187704899,7.17775656692883,0.03327085844199108,1,6.100192198083985,195,8.409618034941033,4182.637960228725,18300.576594251954,5856.995727617903,5856.995727617903,0.04180602006688963,0.7966666666666666,head_on,176.47612693662637,-0.13317516015479083,-2.596993480134381,10.904120049463163,21.64088350639253,-129.47168535847462,300,27,0,0,0,1,7.789725271631234,navigate,timeout,0.0,-95.7239970722135,1315.8413219037427
assisted,assisted,-1,8.316855701620955,give_way,-28.45674636757848,402.02483281839244,92,10.0,0,2,domain_infringement,70.72,918.8684566245095,10,crossing_starboard,48,40.07788034136007,5.1661642161718415,0.45382166552533326,2,6.108001873377188,135,32.599469688195654,918.8684566245095,5619.361723507013,5449.315120593407,5824.386688392792,0.0989010989010989,0.7663043478260869,crossing_starboard,119.74812593192802,-0.2527646797428006,-31.807013016470236,4.963766783962342,17.13347722920078,159.82600627328807,92,70,1,0,0,2,5.4915660267074795,navigate,domain_violation,0.0,-61.25625772743691,229.5571813628168
assisted,assisted,79,5.330583699719682,give_way,,167.1602928235494,79,10.0,1,0,safe_passage,42.57,5430.3916866667005,-1,none,182,34.88438527784537,7.121315208778111,0.0028933195971404895,0,7.237580349323972,71,64.9594690200992,5430.3916866667005,5717.688475965938,5691.951344831546,5858.287109955366,0.05128205128205128,0.25949367088607594,crossing_starboard,66.32314078490253,-0.2972222140029685,-53.46798236124444,5.855616899449101,23.48596576538746,101.20752606274792,79,0,0,0,1,1,6.621146853791457,navigate,destination,0.0,101.17704360744594,39.186746021738166
assisted,assisted,-1,5.384722374063574,give_way,-27.182710665274733,2279.253872539197,149,10.0,2,2,domain_infringement,68.64,853.2390013304015,27,crossing_starboard,13,54.052187704899,7.17775656692883,0.4308238538700668,2,6.57498226458186,195,4.777945877920384,853.2390013304015,9796.723574226971,5856.995727617903,5856.995727617903,0.057432432432432436,0.7583892617449665,crossing_starboard,72.38063468313182,-0.13317516015479083,-60.39729842407342,6.58947728002596,21.64088350639253,126.43282238803081,149,61,1,0,0,2,7.789725271631234,navigate,domain_violation,0.0,-77.8250335609647,743.238388553528
assisted,assisted,-1,6.242742386468746,stand_on,1.7460627998848917,1902.4667390573027,66,10.0,0,2,domain_infringement,72.22,478.62836168136863,0,crossing_port,48,40.07788034136007,5.1661642161718415,0.6013702292121954,2,6.112429166930701,135,0.9550977797601851,478.62836168136863,4034.2032501742624,3955.5080370121505,5824.386688392792,0.11538461538461539,0.4772727272727273,crossing_port,-60.251874068072,-0.2527646797428006,54.29551728410556,2.5992293478995268,17.13347722920078,-20.173993726711917,66,58,1,0,0,1,5.4915660267074795,navigate,domain_violation,0.0,-60.29809083391605,272.48272250858355
assisted,assisted,79,10.459441207228702,stand_on,,167.1602928235494,79,10.0,1,0,safe_passage,27.84,6662.627660081145,-1,none,182,34.88438527784537,7.121315208778111,0.004454537118675654,0,7.237580349323972,71,514.4500715087677,6662.627660081145,5717.688475965938,5691.951344831546,5858.287109955366,0.05128205128205128,0.25949367088607594,crossing_port,-113.67685921509747,-0.2972222140029685,29.21292869368978,8.422560229739513,23.48596576538746,-78.79247393725211,79,0,0,0,1,0,6.621146853791457,navigate,destination,0.0,101.17704360744594,39.186746021738166
assisted,assisted,-1,0.2831273353087454,stand_on,-0.9931149600787118,2772.8814314367037,300,10.0,2,1,close_quarters,49.24,12147.413452171775,64,crossing_port,13,54.052187704899,7.17775656692883,0.04513459908796372,1,6.201444247770769,195,1.245394747726004,3775.0543570120926,18604.332743312305,5856.995727617903,5856.995727617903,0.038461538461538464,0.7233333333333334,crossing_port,-107.61936531686818,-0.13317516015479083,38.73804408996887,8.730195283861825,21.64088350639253,-53.567177611969186,300,27,0,0,0,1,7.789725271631234,navigate,timeout,0.0,-93.79974323988466,1451.110770834908
assisted,assisted,68,1.9594325379776365,give_way,,144.50584787379978,68,10.0,0,0,safe_passage,32.24,2285.7495168360274,-1,none,48,40.07788034136007,8.928356092645075,0.02505753702099489,0,8.36325966717116,135,233.6583259004893,2285.7495168360274,5687.016573676389,5681.757914134467,5824.386688392792,0.06716417910447761,0.13970588235294118,overtaking,14.874062965964004,-0.2527646797428006,-17.294024807300552,2.390271168731141,13.849013598640674,54.951943307324086,68,0,0,0,1,5,4.451103264139253,navigate,destination,0.0,102.3386598502961,24.026646117349788
assisted,assisted,65,2.546907876760224,give_way,,165.9200932600567,65,10.0,1,0,safe_passage,23.48,3481.541428303456,-1,none,182,34.88438527784537,9.76627794661919,0.0019795998154774164,0,8.80770027914275,71,442.15808192117737,3481.541428303456,5725.005181442788,5692.746820129782,5858.287109955366,0.0703125,0.3230769230769231,overtaking,-11.838429607548731,-0.2972222140029685,6.61619030528383,3.0497662404866,19.354503663335798,23.045955670296635,65,0,0,0,1,0,5.277715585999893,navigate,destination,0.0,101.93545169468928,45.212621412379896
assisted,assisted,-1,0.14183885869638288,give_way,8.345404573483254,1041.3575243805903,300,10.0,2,1,close_quarters,49.75,14297.16745906427,25,overtaking,13,54.052187704899,9.790467100112355,0.15020204994410594,1,6.282150879485203,195,22.742701113425543,2179.931844508088,18846.45263845561,5856.995727617903,5856.995727617903,0.028428093645484948,0.8566666666666667,overtaking,-8.80968265843409,-0.13317516015479083,10.37153238729148,2.2246294166550955,17.755432372206858,45.24250504646489,300,11,0,0,0,2,5.634553193088569,navigate,timeout,0.0,-84.98096473510888,1126.0251813819402
assisted,assisted,97,0.06911143534352959,stand_on,3.250780793791903,155.20888456673057,97,10.0,0,1,close_quarters,47.23,1868.4660669234686,0,overtaken,48,40.07788034136007,3.6189040617633834,0.15522863042569068,1,5.851637799555347,135,80.94833830662655,1689.9290277907594,5676.088665568686,5672.33978818628,5824.386688392792,0.052083333333333336,0.13917525773195877,overtaken,14.874062965964004,-0.2527646797428006,-131.75363534859173,1.201816410216403,13.849013598640674,54.951943307324086,97,9,0,0,1,7,6.259575861348708,navigate,destination,0.0,92.7055399173714,18.22159111206952
assisted,assisted,95,0.6238835869378363,stand_on,,134.68335907033565,95,10.0,1,0,safe_passage,41.45,2033.4212534822416,-1,none,182,34.88438527784537,4.17751863107946,0.16205832898069594,0,6.039091382198369,71,37.143514179442406,2033.4212534822416,5737.13681308845,5725.231277083925,5858.287109955366,0.06382978723404255,0.1736842105263158,overtaken,-11.838429607548731,-0.2972222140029685,161.19500202861929,2.0322114198702517,19.354503663335798,23.045955670296635,95,0,0,0,1,2,7.74884998598837,navigate,destination,0.0,100.92061348980482,26.181235021550734
assisted,assisted,94,0.08797422332722818,stand_on,,163.39515437410626,94,10.0,2,0,safe_passage,40.23,3734.8184699535254,-1,none,13,54.052187704899,4.193644733408237,0.051233585913805335,0,6.063183887508458,195,14.5764854045278,3567.300059488572,5699.392854257951,5693.590819888505,5856.995727617903,0.03763440860215054,0.13297872340425532,overtaken,-8.80968265843409,-0.13317516015479083,166.08362107642154,2.672129488407625,17.755432372206858,45.24250504646489,94,0,0,0,1,0,8.191288319260318,navigate,destination,0.0,100.99332468857374,21.94912653286953
assisted,assisted,88,0.804430256678313,stand_on,7.24996532964767,145.00403901409123,88,10.0,0,1,close_quarters,21.78,1803.2570562342175,0,crossing_port,48,40.07788034136007,5.1661642161718415,0.46742612038577963,1,6.462267102806989,135,795.5787527472694,932.4230006213442,5686.79505047015,5680.287427582228,5824.386688392792,0.05747126436781609,0.14772727272727273,data,,,,,,,88,1,0,0,1,2,3.678797507411181,navigate,destination,0.0,101.01048817990534,24.548002155436862
assisted,assisted,97,0.24321444986298957,unknown,,153.43491577933645,97,10.0,1,0,safe_passage,38.93,2117.768491313092,-1,none,183,49.79135122730751,3.551078736333993,0.20881828175317804,0,5.854044136785837,199,102.91520664763976,1933.617790169935,5678.422812682262,5679.680200457142,5833.201490840715,0.015625,0.03608247422680412,data,,,,,,,97,0,0,0,1,5,2.827487299251865,navigate,destination,0.0,101.0348053256576,16.571360794159443
assisted,assisted,79,0.6935416106424555,unknown,,167.1602928235494,79,10.0,2,0,safe_passage,4.27,1747.8759747897693,-1,none,182,34.88438527784537,7.121315208778111,0.2387141430256947,0,7.237580349323972,71,1222.0353227642538,1746.9939475162532,5717.688475965938,5691.951344831546,5858.287109955366,0.05128205128205128,0.25949367088607594,data,,,,,,,79,0,0,0,1,4,4.184390961471112,navigate,destination,0.0,101.17704360744594,39.186746021738166
autonomous,autonomous,-1,10.615804587655088,both_give_way,-10.584096337477707,401.18174369247487,94,10.0,0,2,domain_infringement,74.22,920.3232143309208,19,crossing_starboard,48,40.07788034136007,5.1661642161718415,0.5789190317040093,2,6.208979564923282,135,33.8419493973688,920.3232143309208,5836.440791027885,5738.2028985741745,5824.386688392792,0.08064516129032258,0.5531914893617021,head_on,185.9496251863856,-0.2527646797428006,0.3021429610823076,5.5752296838315285,17.13347722920078,-133.97249447225437,94,61,1,0,0,2,5.4915660267074795,navigate,domain_violation,0.0,-48.8795458040538,213.92789031148502
autonomous,autonomous,79,12.91485586972085,both_give_way,,167.1602928235494,79,10.0,1,0,safe_passage,37.16,8435.629349004259,-1,none,182,34.88438527784537,7.121315208778111,0.002538729816975577,0,7.237580349323972,71,298.1582970984874,8435.629349004259,5717.688475965938,5691.951344831546,5858.287109955366,0.05128205128205128,0.25949367088607594,head_on,175.2646281569805,-0.2972222140029685,-3.889730897769942,10.238701763623594,23.48596576538746,-149.8509865651741,79,0,0,0,1,0,6.621146853791457,navigate,destination,0.0,101.17704360744594,39.186746021738166
autonomous,autonomous,78,14.658199032237826,both_give_way,,161.52554781711143,78,10.0,2,0,safe_passage,49.72,9113.512458902253,-1,none,13,54.052187704899,7.17775656692883,0.005488920192771398,0,7.321128060332214,195,8.409618034941033,9113.512458902253,5710.479887059127,5697.857608117955,5856.995727617903,0.06493506493506493,0.24358974358974358,head_on,176.47612693662637,-0.13317516015479083,-2.596993480134381,10.904120049463163,21.64088350639253,-129.47168535847462,78,0,0,0,1,3,7.789725271631234,navigate,destination,0.0,101.68735417062084,28.258782545789938
autonomous,autonomous,88,4.549790200035977,give_way,,130.1809128878985,88,10.0,0,0,safe_passage,41.19,2226.5882548518402,-1,none,48,40.07788034136007,5.1661642161718415,0.10199606264782017,0,6.4764650791476654,135,113.12787297310233,2226.5882548518402,5699.289269649946,5695.68812770288,5824.386688392792,0.05747126436781609,0.125,crossing_starboard,119.74812593192802,-0.2527646797428006,-31.807013016470236,4.963766783962342,17.13347722920078,159.82600627328807,88,0,0,0,1,4,5.4915660267074795,navigate,destination,0.0,101.40318234286254,19.74604346441031
autonomous,autonomous,79,7.7663191481853575,give_way,,167.1602928235494,79,10.0,1,0,safe_passage,45.03,5554.046663591305,-1,none,182,34.88438527784537,7.121315208778111,0.004587723963741305,0,7.237580349323972,71,64.9594690200992,5554.046663591305,5717.688475965938,5691.951344831546,5858.287109955366,0.05128205128205128,0.25949367088607594,crossing_starboard,66.32314078490253,-0.2972222140029685,-53.46798236124444,5.855616899449101,23.48596576538746,101.20752606274792,79,0,0,0,1,3,6.621146853791457,navigate,destination,0.0,101.17704360744594,39.186746021738166
autonomous,autonomous,78,9.560670111792296,give_way,,161.52554781711143,78,10.0,2,0,safe_passage,45.49,4953.498189717,-1,none,13,54.052187704899,7.17775656692883,0.012943603070436183,0,7.321128060332214,195,98.73555631109272,4953.498189717,5710.479887059127,5697.857608117955,5856.995727617903,0.06493506493506493,0.24358974358974358,crossing_starboard,72.38063468313182,-0.13317516015479083,-60.39729842407342,6.58947728002596,21.64088350639253,126.43282238803081,78,0,0,0,1,3,7.789725271631234,navigate,destination,0.0,101.68735417062084,28.258782545789938
autonomous,autonomous,93,0.5321287518475174,stand_on,22.971244172269277,164.9363603621764,93,10.0,0,1,close_quarters,50.89,1384.602467715902,0,crossing_port,48,40.07788034136007,5.1661642161718415,0.46940068803308327,1,6.150703946864176,135,116.06848507186201,915.8379945374586,5720.1546705836845,5659.910445735125,5824.386688392792,0.11413043478260869,0.7365591397849462,crossing_port,-60.251874068072,-0.2527646797428006,54.29551728410556,2.5992293478995268,17.13347722920078,-20.173993726711917,93,31,0,0,1,2,5.4915660267074795,navigate,destination,0.0,67.55716761686685,81.21142213796597
autonomous,autonomous,79,10.459441207228702,stand_on,,167.1602928235494,79,10.0,1,0,safe_passage,27.84,6662.627660081145,-1,none,182,34.88438527784537,7.121315208778111,0.004454537118675654,0,7.237580349323972,71,514.4500715087677,6662.627660081145,5717.688475965938,5691.951344831546,5858.287109955366,0.05128205128205128,0.25949367088607594,crossing_port,-113.67685921509747,-0.2972222140029685,29.21292869368978,8.422560229739513,23.48596576538746,-78.79247393725211,79,0,0,0,1,0,6.621146853791457,navigate,destination,0.0,101.17704360744594,39.186746021738166
autonomous,autonomous,78,8.76418117557023,stand_on,,161.52554781711143,78,10.0,2,0,safe_passage,48.74,7917.933488537019,-1,none,13,54.052187704899,7.17775656692883,0.002140921216563968,0,7.321128060332214,195,1.245394747726004,7917.933488537019,5710.479887059127,5697.857608117955,5856.995727617903,0.06493506493506493,0.24358974358974358,crossing_port,-107.61936531686818,-0.13317516015479083,38.73804408996887,8.730195283861825,21.64088350639253,-53.567177611969186,78,0,0,0,1,2,7.789725271631234,navigate,destination,0.0,101.68735417062084,28.258782545789938
autonomous,autonomous,68,1.7467541270971652,give_way,,144.50584787379978,68,10.0,0,0,safe_passage,32.65,2222.721618536627,-1,none,48,40.07788034136007,8.928356092645075,0.06631419199167145,0,8.36325966717116,135,233.6583259004893,2222.721618536627,5687.016573676389,5681.757914134467,5824.386688392792,0.06716417910447761,0.13970588235294118,overtaking,14.874062965964004,-0.2527646797428006,-17.294024807300552,2.390271168731141,13.849013598640674,54.951943307324086,68,0,0,0,1,6,4.451103264139253,navigate,destination,0.0,102.3386598502961,24.026646117349788
autonomous,autonomous,65,3.2659916454715585,give_way,,165.9200932600567,65,10.0,1,0,safe_passage,9.11,2970.338063284354,-1,none,182,34.88438527784537,9.76627794661919,0.010420122093483662,0,8.80770027914275,71,794.2596282596055,2970.338063284354,5725.005181442788,5692.746820129782,5858.287109955366,0.0703125,0.3230769230769231,overtaking,-11.838429607548731,-0.2972222140029685,6.61619030528383,3.0497662404866,19.354503663335798,23.045955670296635,65,0,0,0,1,5,5.277715585999893,navigate,destination,0.0,101.93545169468928,45.212621412379896
autonomous,autonomous,-1,0.2656853690788921,give_way,-6.756627281671839,1437.3503552610869,300,10.0,2,1,close_quarters,51.34,12189.39647480979,1,overtaking,13,54.052187704899,9.790467100112355,0.30396144465008956,1,6.070508607961482,195,42.01580363848046,1415.2029286697543,18211.525823884447,5856.995727617903,5856.995727617903,0.028428093645484948,0.9216666666666666,overtaking,-8.80968265843409,-0.13317516015479083,10.37153238729148,2.2246294166550955,17.755432372206858,45.24250504646489,300,22,0,0,0,2,5.634553193088569,navigate,timeout,0.0,-98.5540014272201,1155.6596518894794
autonomous,autonomous,97,0.26124019668773146,stand_on,3.250780793791903,155.20888456673057,97,10.0,0,1,close_quarters,48.42,2112.6543264915267,0,overtaken,48,40.07788034136007,3.6189040617633834,0.1353956296479629,1,5.851637799555347,135,51.06645174619442,2025.90688471674,5676.088665568686,5672.33978818628,5824.386688392792,0.052083333333333336,0.13917525773195877,overtaken,14.874062965964004,-0.2527646797428006,-131.75363534859173,1.201816410216403,13.849013598640674,54.951943307324086,97,2,0,0,1,5,6.259575861348708,navigate,destination,0.0,99.7055399173714,18.22159111206952
autonomous,autonomous,95,0.6159495651533688,stand_on,,134.68335907033565,95,10.0,1,0,safe_passage,40.88,2327.3509863868503,-1,none,182,34.88438527784537,4.17751863107946,0.07123084912921859,0,6.039091382198369,71,18.708755855163307,2327.3509863868503,5737.13681308845,5725.231277083925,5858.287109955366,0.06382978723404255,0.1736842105263158,overtaken,-11.838429607548731,-0.2972222140029685,161.19500202861929,2.0322114198702517,19.354503663335798,23.045955670296635,95,0,0,0,1,4,7.74884998598837,navigate,destination,0.0,100.92061348980482,26.181235021550734
autonomous,autonomous,94,0.027700667050430637,stand_on,,163.39515437410626,94,10.0,2,0,safe_passage,26.23,3875.2714654941633,-1,none,13,54.052187704899,4.193644733408237,0.03825651823069526,0,6.063183887508458,195,332.751450969653,3753.429313321716,5699.392854257951,5693.590819888505,5856.995727617903,0.03763440860215054,0.13297872340425532,overtaken,-8.80968265843409,-0.13317516015479083,166.08362107642154,2.672129488407625,17.755432372206858,45.24250504646489,94,0,0,0,1,1,8.191288319260318,navigate,destination,0.0,100.99332468857374,21.94912653286953
autonomous,autonomous,88,0.722802169398949,stand_on,7.24996532964767,145.00403901409123,88,10.0,0,1,close_quarters,21.4,1196.1012499718602,0,crossing_port,48,40.07788034136007,5.1661642161718415,0.44748046655306595,1,6.462267102806989,135,795.5787527472694,983.5125132711814,5686.79505047015,5680.287427582228,5824.386688392792,0.05747126436781609,0.14772727272727273,data,,,,,,,88,1,0,0,1,2,3.678797507411181,navigate,destination,0.0,101.01048817990534,24.548002155436862
autonomous,autonomous,97,0.1837246546462211,unknown,,153.43491577933645,97,10.0,1,0,safe_passage,38.52,2081.331954698026,-1,none,183,49.79135122730751,3.551078736333993,0.1856954200927206,0,5.854044136785837,199,102.91520664763976,2018.4821014351153,5678.422812682262,5679.680200457142,5833.201490840715,0.015625,0.03608247422680412,data,,,,,,,97,0,0,0,1,6,2.827487299251865,navigate,destination,0.0,101.0348053256576,16.571360794159443
autonomous,autonomous,79,4.270148519874783,unknown,,167.1602928235494,79,10.0,2,0,safe_passage,6.43,2009.9605851567048,-1,none,182,34.88438527784537,7.121315208778111,0.1443157125932942,0,7.237580349323972,71,1591.5911462531176,2009.9605851567048,5717.688475965938,5691.951344831546,5858.287109955366,0.05128205128205128,0.25949367088607594,data,,,,,,,79,0,0,0,1,7,4.184390961471112,navigate,destination,0.0,101.17704360744594,39.186746021738166
