automation,automation_level,capture_step,closing_speed_at_min,colreg_role,course_change_after_warning_deg,dest_range_final,destination_step,dt,episode,event_grade,event_grade_name,event_score,final_distance,final_phase,first_encounter_step,first_encounter_type,guide_sample,init_heading_deg,init_speed,max_cri,max_severity,max_xte_after_passing,mean_speed,merge_sample,min_dcpa,min_distance,own_path_len,progress,recovery_time,resolution_time,route_length,rudder_change_mean,rudder_mean_abs,scenario,scn_course_diff_deg,scn_dcpa_offset_nm,scn_initial_bearing_deg,scn_initial_range_nm,scn_t_meet_min,scn_target_course_deg,steps,steps_sev1,steps_sev2,steps_sev3,success,t_clear,t_cpa,t_on_track,t_warning,target_evasions,target_speed,task,termination,throttle_change_mean,total_reward,unresolved,xte_final,xte_mean
none,none,-1,0.42257023056292836,both_give_way,7.449038743609061,0.0,132,10.0,0,1,close_quarters,40.0,7104.686256038744,clear,4,head_on,48,40.07788034136007,5.1661642161718415,0.391210439991481,1,842.3199355442014,8.209661920785122,135,338.50329209854743,1102.6920088604925,10836.75373543636,10039.488657232321,-1,1280.0,33624.386688392755,0.6221374045801527,0.7121212121212122,head_on,185.9496251863856,-0.2527646797428006,0.3021429610823076,5.5752296838315285,17.13347722920078,-133.97249447225437,132,4,0,0,0,1320.0,790.0,-1,40.0,0,5.4915660267074795,attack,clear,0.3019083969465649,-20.378345266554575,0,231.4930626276901,400.15238168177274
none,none,-1,0.13133310374068968,both_give_way,,0.0,167,10.0,1,0,safe_passage,27.27,8627.019255295938,clear,-1,none,182,34.88438527784537,7.121315208778111,0.0014345849132746053,0,4058.2529244005163,7.979897468965376,71,298.1582970984874,8116.787581036211,13326.428773172178,11626.142904900194,-1,1670.0,33658.28710995538,0.2680722891566265,0.5449101796407185,head_on,175.2646281569805,-0.2972222140029685,-3.889730897769942,10.238701763623594,23.48596576538746,-149.8509865651741,167,0,0,0,0,1670.0,-1,-1,-1,0,6.621146853791457,attack,clear,0.05692771084337349,43.08042370517012,0,4058.2529244005163,2500.4553439577476
none,none,-1,0.7493474064083785,give_way,-11.313237198516187,0.0,136,10.0,0,1,close_quarters,52.04,5255.990466370029,clear,7,crossing_starboard,48,40.07788034136007,5.1661642161718415,0.3298416194974683,1,1399.891432148849,8.240629187576328,135,46.00589675730163,1367.1024305225903,11207.255695103806,9779.213496589175,-1,1290.0,33624.386688392755,0.5666666666666667,0.6029411764705882,crossing_starboard,119.74812593192802,-0.2527646797428006,-31.807013016470236,4.963766783962342,17.13347722920078,159.82600627328807,136,29,0,0,0,1360.0,800.0,-1,70.0,0,5.4915660267074795,attack,clear,0.2929629629629629,-6.872166196041306,0,1399.891432148849,433.1133285617723
none,none,203,5.855483492143799,give_way,42.737111363114835,0.0,203,10.0,1,2,domain_infringement,71.59,397.37010591164284,passing,23,crossing_starboard,182,34.88438527784537,7.121315208778111,0.6008869940400766,2,2876.471577027333,8.178960895468517,71,14.130335764909567,397.37010591164284,16603.29061780109,10536.885834240753,-1,-1,33658.28710995538,0.5173267326732673,0.6083743842364532,crossing_starboard,66.32314078490253,-0.2972222140029685,-53.46798236124444,5.855616899449101,23.48596576538746,101.20752606274792,203,42,2,0,1,-1,1260.0,-1,230.0,0,6.621146853791457,attack,domain_violation,0.22178217821782176,167.08597245249848,0,2876.471577027333,758.1901786448447
none,none,112,1.916903009726235,stand_on,57.88272506767113,0.0,112,10.0,0,2,domain_infringement,60.18,370.9822101832044,passing,0,crossing_port,48,40.07788034136007,5.1661642161718415,0.5688752128298401,2,2134.520325336118,7.875973698778496,135,175.95609666309562,370.9822101832044,8821.090542631915,5610.776453987822,-1,-1,33624.386688392755,0.25225225225225223,0.5178571428571429,crossing_port,-60.251874068072,-0.2527646797428006,54.29551728410556,2.5992293478995268,17.13347722920078,-20.173993726711917,112,41,2,0,1,-1,630.0,-1,0.0,0,5.4915660267074795,attack,domain_violation,0.06306306306306306,116.42862080874733,0,2134.520325336118,838.4197589989241
none,none,-1,0.08658465780426923,stand_on,,0.0,102,10.0,1,0,safe_passage,17.87,9391.057277414335,clear,-1,none,182,34.88438527784537,7.121315208778111,0.0007095014173443446,0,5424.464561303162,7.761884680687095,71,514.4500715087677,8917.153620440627,7917.122374300838,4769.103983388799,-1,1020.0,33658.28710995538,0.08415841584158416,0.5735294117647058,crossing_port,-113.67685921509747,-0.2972222140029685,29.21292869368978,8.422560229739513,23.48596576538746,-78.79247393725211,102,0,0,0,0,1020.0,-1,-1,-1,0,6.621146853791457,attack,clear,0.017326732673267325,0.28343860352085315,0,5424.464561303162,2191.098262063255
none,none,-1,0.2217537506541248,give_way,6.2341686427015155,0.0,239,10.0,0,1,close_quarters,57.56,4729.714195752112,clear,4,overtaking,48,40.07788034136007,8.928356092645075,0.611520107836171,1,1136.4215267193133,8.107562590206635,135,3.8491376935630357,573.5082494421025,19377.074590593857,19280.43907375633,-1,2350.0,33624.386688392755,0.06092436974789916,0.0502092050209205,overtaking,14.874062965964004,-0.2527646797428006,-17.294024807300552,2.390271168731141,13.849013598640674,54.951943307324086,239,92,0,0,0,2390.0,1050.0,-1,40.0,0,4.451103264139253,attack,clear,0.03676470588235294,-50.2619260398986,0,1136.4215267193133,848.3246240261051
none,none,-1,0.07187194818257012,give_way,-13.262191287560109,0.0,359,10.0,1,1,close_quarters,50.2,4371.024597538297,clear,78,overtaking,182,34.88438527784537,9.76627794661919,0.30029748342405066,1,2646.0855601705375,8.446891689058214,71,62.661200776704504,1480.4707744576394,30324.341163718986,27674.246457120535,-1,2810.0,33658.28710995538,0.22625698324022347,0.26323119777158777,overtaking,-11.838429607548731,-0.2972222140029685,6.61619030528383,3.0497662404866,19.354503663335798,23.045955670296635,359,28,0,0,0,3590.0,1460.0,-1,780.0,0,5.277715585999893,attack,clear,0.06061452513966479,-27.51089985544092,0,980.5033128129711,776.3857568002189
none,none,54,3.0724048572122795,stand_on,-16.411016405882865,0.0,54,10.0,0,2,domain_infringement,65.88,661.0827433420892,action,0,overtaken,48,40.07788034136007,3.6189040617633834,0.3921131207865899,2,0.0,4.523813632560966,135,9.395644820208625,661.0827433420892,2442.859361582922,2271.06396619618,-1,-1,33624.386688392755,0.330188679245283,0.16666666666666666,overtaken,14.874062965964004,-0.2527646797428006,-131.75363534859173,1.201816410216403,13.849013598640674,54.951943307324086,54,53,2,0,1,-1,-1,-1,0.0,0,6.259575861348708,attack,domain_violation,0.23113207547169812,76.58109959407652,0,773.8016587124577,256.5871845258734
none,none,70,1.0405001760346635,stand_on,35.86618442356139,0.0,70,10.0,1,2,domain_infringement,66.99,595.8796674705158,action,10,overtaken,182,34.88438527784537,4.17751863107946,0.6086131046117241,2,0.0,3.8212862400154823,71,11.955029049157844,595.8796674705158,2674.9003680108376,2331.36930336654,-1,-1,33658.28710995538,0.12318840579710146,0.9357142857142857,overtaken,-11.838429607548731,-0.2972222140029685,161.19500202861929,2.0322114198702517,19.354503663335798,23.045955670296635,70,59,2,0,1,-1,-1,-1,100.0,0,7.74884998598837,attack,domain_violation,0.086231884057971,94.95660552435079,0,823.1191121548808,206.91167977456985
none,none,60,12.1052080914077,stand_on,25.558793644467194,0.0,60,10.0,0,2,domain_infringement,75.51,736.4080372708282,action,0,crossing_port,48,40.07788034136007,5.1661642161718415,0.5710018066037994,2,0.0,7.319729710630215,135,9.061584292280639,736.4080372708282,4391.837826378129,4269.626282690936,-1,-1,33624.386688392755,1.0423728813559323,0.7333333333333333,data,,,,,,,60,44,2,0,1,-1,-1,-1,0.0,0,3.678797507411181,attack,domain_violation,0.41525423728813554,133.4718896668136,0,727.2933053910878,389.1373885441197
none,none,81,6.159819810256448,give_way,1.413939198078525,0.0,81,10.0,1,2,domain_infringement,69.63,454.1711508935278,action,8,crossing_starboard,183,49.79135122730751,3.551078736333993,0.6359546725203086,2,0.0,6.735282698924931,199,78.86834660582164,454.1711508935278,5455.578986129194,4754.4861593181395,-1,-1,33633.20149084063,0.54375,0.6358024691358025,data,,,,,,,81,41,2,0,1,-1,-1,-1,80.0,0,2.827487299251865,attack,domain_violation,0.1575,144.23876883447937,0,2124.7806333888498,972.8471526723886
manual,manual,-1,0.42257023056292836,both_give_way,7.449038743609061,0.0,132,10.0,0,1,close_quarters,40.0,7104.686256038744,clear,4,head_on,48,40.07788034136007,5.1661642161718415,0.391210439991481,1,842.3199355442014,8.209661920785122,135,338.50329209854743,1102.6920088604925,10836.75373543636,10039.488657232321,-1,1280.0,33624.386688392755,0.6221374045801527,0.7121212121212122,head_on,185.9496251863856,-0.2527646797428006,0.3021429610823076,5.5752296838315285,17.13347722920078,-133.97249447225437,132,4,0,0,0,1320.0,790.0,-1,40.0,0,5.4915660267074795,attack,clear,0.3019083969465649,-20.378345266554575,0,231.4930626276901,400.15238168177274
manual,manual,-1,0.13133310374068968,both_give_way,,0.0,167,10.0,1,0,safe_passage,27.27,8627.019255295938,clear,-1,none,182,34.88438527784537,7.121315208778111,0.0014345849132746053,0,4058.2529244005163,7.979897468965376,71,298.1582970984874,8116.787581036211,13326.428773172178,11626.142904900194,-1,1670.0,33658.28710995538,0.2680722891566265,0.5449101796407185,head_on,175.2646281569805,-0.2972222140029685,-3.889730897769942,10.238701763623594,23.48596576538746,-149.8509865651741,167,0,0,0,0,1670.0,-1,-1,-1,0,6.621146853791457,attack,clear,0.05692771084337349,43.08042370517012,0,4058.2529244005163,2500.4553439577476
manual,manual,-1,0.17647077483595694,give_way,-12.609183446351212,0.0,137,10.0,0,1,close_quarters,51.81,5634.491480073154,clear,7,crossing_starboard,48,40.07788034136007,5.1661642161718415,0.28192610057947715,1,982.2336541731424,8.17402317076468,135,21.538123526990162,1516.5664527912786,11198.411743947612,10164.359448225374,-1,1300.0,33624.386688392755,0.5992647058823529,0.5912408759124088,crossing_starboard,119.74812593192802,-0.2527646797428006,-31.807013016470236,4.963766783962342,17.13347722920078,159.82600627328807,137,33,0,0,0,1370.0,810.0,-1,70.0,1,5.4915660267074795,attack,clear,0.27536764705882355,-13.066663123497591,0,982.2336541731424,382.1468621086667
manual,manual,199,9.2281279339729,give_way,42.737111363114835,0.0,199,10.0,1,2,domain_infringement,75.97,435.4460450866009,passing,23,crossing_starboard,182,34.88438527784537,7.121315208778111,0.667596827898877,2,2535.0523818195406,8.16117156889153,71,14.130335764909567,435.4460450866009,16240.731422094146,10712.374373139583,-1,-1,33658.28710995538,0.5378787878787878,0.6005025125628141,crossing_starboard,66.32314078490253,-0.2972222140029685,-53.46798236124444,5.855616899449101,23.48596576538746,101.20752606274792,199,38,2,0,1,-1,1260.0,-1,230.0,1,6.621146853791457,attack,domain_violation,0.2297979797979798,166.9441232343264,0,2535.0523818195406,716.9111263286302
manual,manual,-1,0.1784195698307826,stand_on,61.359539005346264,0.0,200,10.0,0,1,close_quarters,48.95,5724.77474900536,clear,0,crossing_port,48,40.07788034136007,5.1661642161718415,0.5358764520404341,1,3488.762750896743,7.941192845070609,135,175.95609666309562,594.7298202140396,15882.385690141218,6934.195544264993,-1,2000.0,33624.386688392755,0.1658291457286432,0.7275,crossing_port,-60.251874068072,-0.2527646797428006,54.29551728410556,2.5992293478995268,17.13347722920078,-20.173993726711917,200,53,0,0,0,2000.0,580.0,-1,0.0,2,5.4915660267074795,attack,clear,0.035175879396984924,-55.17686354762282,0,847.0292284405992,1484.2729524414406
manual,manual,-1,0.08658465780426923,stand_on,,0.0,102,10.0,1,0,safe_passage,17.87,9391.057277414335,clear,-1,none,182,34.88438527784537,7.121315208778111,0.0007095014173443446,0,5424.464561303162,7.761884680687095,71,514.4500715087677,8917.153620440627,7917.122374300838,4769.103983388799,-1,1020.0,33658.28710995538,0.08415841584158416,0.5735294117647058,crossing_port,-113.67685921509747,-0.2972222140029685,29.21292869368978,8.422560229739513,23.48596576538746,-78.79247393725211,102,0,0,0,0,1020.0,-1,-1,-1,0,6.621146853791457,attack,clear,0.017326732673267325,0.28343860352085315,0,5424.464561303162,2191.098262063255
manual,manual,-1,0.005254571341697556,give_way,7.164384059910448,0.0,236,10.0,0,1,close_quarters,52.84,4678.174835353267,clear,4,overtaking,48,40.07788034136007,8.928356092645075,0.4435476218028335,1,543.1191072923205,8.106921351094355,135,49.76312109128227,962.4725079795809,19132.334388582676,19026.158852706827,-1,2320.0,33624.386688392755,0.0574468085106383,0.048728813559322036,overtaking,14.874062965964004,-0.2527646797428006,-17.294024807300552,2.390271168731141,13.849013598640674,54.951943307324086,236,47,0,0,0,2360.0,1030.0,-1,40.0,3,4.451103264139253,attack,clear,0.034255319148936175,-49.30992734664955,0,42.27148330988078,393.39208371123055
manual,manual,-1,0.0010903867271281342,give_way,-13.262191287560109,0.0,358,10.0,1,1,close_quarters,49.91,4390.139767922983,clear,78,overtaking,182,34.88438527784537,9.76627794661919,0.28524436555889465,1,2646.0855601705375,8.44853688432323,71,62.661200776704504,1491.188351737691,30245.762045877167,27687.360803661933,-1,2800.0,33658.28710995538,0.226890756302521,0.2611731843575419,overtaking,-11.838429607548731,-0.2972222140029685,6.61619030528383,3.0497662404866,19.354503663335798,23.045955670296635,358,26,0,0,0,3580.0,1470.0,-1,780.0,1,5.277715585999893,attack,clear,0.06078431372549018,-28.000872129307133,0,1057.980352480154,775.8171842207962
manual,manual,64,2.4126801961752333,stand_on,-14.844196376854377,0.0,64,10.0,0,2,domain_infringement,65.02,660.2686223604584,action,0,overtaken,48,40.07788034136007,3.6189040617633834,0.3624911895297498,2,0.0,4.846683116431634,135,3.7493684277339208,660.2686223604584,3101.8771945162457,2822.031587620181,-1,-1,33624.386688392755,0.21428571428571427,0.109375,overtaken,14.874062965964004,-0.2527646797428006,-131.75363534859173,1.201816410216403,13.849013598640674,54.951943307324086,64,57,2,0,1,-1,-1,-1,0.0,2,6.259575861348708,attack,domain_violation,0.15000000000000002,75.8083481775196,0,1054.5401785277213,355.5842590112351
manual,manual,73,0.21716120265516564,stand_on,35.86618442356139,0.0,73,10.0,1,2,domain_infringement,64.98,824.4617413178717,passing,10,overtaken,182,34.88438527784537,4.17751863107946,0.5298317021140196,2,946.3424496217452,3.8499283925920493,71,11.955029049157844,748.1031583437474,2810.447726592196,2444.9123754904426,-1,-1,33658.28710995538,0.1597222222222222,0.9178082191780822,overtaken,-11.838429607548731,-0.2972222140029685,161.19500202861929,2.0322114198702517,19.354503663335798,23.045955670296635,73,44,2,0,1,-1,700.0,-1,100.0,3,7.74884998598837,attack,domain_violation,0.11180555555555556,90.69610465078529,0,946.3424496217452,237.8866087925666
manual,manual,62,10.833813866178378,stand_on,19.122691944564576,0.0,62,10.0,0,2,domain_infringement,76.92,828.1780971215899,action,0,crossing_port,48,40.07788034136007,5.1661642161718415,0.6395554025626031,2,0.0,6.865816248795596,135,0.05334031211458479,828.1780971215899,4256.80607425327,4172.078536442994,-1,-1,33624.386688392755,0.9590163934426229,0.717741935483871,data,,,,,,,62,55,2,0,1,-1,-1,-1,0.0,1,3.678797507411181,attack,domain_violation,0.11475409836065573,134.3303551498954,0,750.3135947074464,378.939731970416
manual,manual,75,11.35284218988221,give_way,1.413939198078525,0.0,75,10.0,1,2,domain_infringement,75.7,817.5429436851882,action,8,crossing_starboard,183,49.79135122730751,3.551078736333993,0.5906984302069272,2,0.0,6.5820702199230565,199,11.375317564866576,817.5429436851882,4936.552664942293,4374.903109198478,-1,-1,33633.20149084063,0.6148648648648649,0.6533333333333333,data,,,,,,,75,35,2,0,1,-1,-1,-1,80.0,1,2.827487299251865,attack,domain_violation,0.18445945945945946,142.04956130295747,0,1868.999089580168,870.8936191319932
assisted,assisted,-1,0.43533433882288364,both_give_way,8.267354894726942,0.0,136,10.0,0,1,close_quarters,55.65,7432.276480585306,clear,4,head_on,48,40.07788034136007,5.1661642161718415,0.5268151500101157,1,1129.6631505339412,8.044200117221322,135,23.62747082218033,739.7663940198798,10940.112159420998,10341.386263237802,-1,1320.0,33624.386688392755,0.725925925925926,0.6397058823529411,head_on,185.9496251863856,-0.2527646797428006,0.3021429610823076,5.5752296838315285,17.13347722920078,-133.97249447225437,136,31,0,0,0,1360.0,810.0,-1,40.0,1,5.4915660267074795,attack,clear,0.2851851851851852,-26.290108475510436,0,482.90814499217873,476.9475899966811
assisted,assisted,-1,0.13133310374068968,both_give_way,,0.0,167,10.0,1,0,safe_passage,27.27,8627.019255295938,clear,-1,none,182,34.88438527784537,7.121315208778111,0.0014345849132746053,0,4058.2529244005163,7.979897468965376,71,298.1582970984874,8116.787581036211,13326.428773172178,11626.142904900194,-1,1670.0,33658.28710995538,0.2680722891566265,0.5449101796407185,head_on,175.2646281569805,-0.2972222140029685,-3.889730897769942,10.238701763623594,23.48596576538746,-149.8509865651741,167,0,0,0,0,1670.0,-1,-1,-1,0,6.621146853791457,attack,clear,0.05692771084337349,43.08042370517012,0,4058.2529244005163,2500.4553439577476
assisted,assisted,-1,0.8337328424599718,give_way,-4.708931593877302,0.0,141,10.0,0,1,close_quarters,55.53,4902.066132717871,clear,7,crossing_starboard,48,40.07788034136007,5.1661642161718415,0.4378770697084166,1,1983.2564617339972,8.002330914489143,135,4.8487715555915205,1026.082850748698,11283.286589429692,9323.85907692207,-1,1340.0,33624.386688392755,0.5892857142857143,0.6099290780141844,crossing_starboard,119.74812593192802,-0.2527646797428006,-31.807013016470236,4.963766783962342,17.13347722920078,159.82600627328807,141,31,0,0,0,1410.0,840.0,-1,70.0,2,5.4915660267074795,attack,clear,0.32250000000000006,-0.9879162388962328,0,1983.2564617339972,472.00177582932594
assisted,assisted,197,6.824677224570712,give_way,42.737111363114835,0.0,197,10.0,1,2,domain_infringement,70.81,684.7776581651417,passing,23,crossing_starboard,182,34.88438527784537,7.121315208778111,0.4996240483951718,2,1731.8450074605441,8.096972167701962,71,19.51192069596229,684.7776581651417,15951.035170372863,10968.545207203813,-1,-1,33658.28710995538,0.5280612244897959,0.5888324873096447,crossing_starboard,66.32314078490253,-0.2972222140029685,-53.46798236124444,5.855616899449101,23.48596576538746,101.20752606274792,197,43,2,0,1,-1,1290.0,-1,230.0,3,6.621146853791457,attack,domain_violation,0.18214285714285716,165.6362875068586,0,1716.2928191873266,678.2746728933502
assisted,assisted,126,5.410834024565088,stand_on,62.8727239211144,0.0,126,10.0,0,2,domain_infringement,68.96,437.1554643044714,passing,0,crossing_port,48,40.07788034136007,5.1661642161718415,0.5831513433529956,2,2889.004416372285,7.880078543788695,135,58.615766350254304,437.1554643044714,9928.898965173756,5536.844815250576,-1,-1,33624.386688392755,0.208,0.5476190476190477,crossing_port,-60.251874068072,-0.2527646797428006,54.29551728410556,2.5992293478995268,17.13347722920078,-20.173993726711917,126,47,2,0,1,-1,520.0,-1,0.0,2,5.4915660267074795,attack,domain_violation,0.03359999999999999,116.95512513239902,0,2889.004416372285,1029.440489522712
assisted,assisted,-1,0.08658465780426923,stand_on,,0.0,102,10.0,1,0,safe_passage,17.87,9391.057277414335,clear,-1,none,182,34.88438527784537,7.121315208778111,0.0007095014173443446,0,5424.464561303162,7.761884680687095,71,514.4500715087677,8917.153620440627,7917.122374300838,4769.103983388799,-1,1020.0,33658.28710995538,0.08415841584158416,0.5735294117647058,crossing_port,-113.67685921509747,-0.2972222140029685,29.21292869368978,8.422560229739513,23.48596576538746,-78.79247393725211,102,0,0,0,0,1020.0,-1,-1,-1,0,6.621146853791457,attack,clear,0.017326732673267325,0.28343860352085315,0,5424.464561303162,2191.098262063255
assisted,assisted,-1,0.32000194425306744,give_way,4.74329791188441,0.0,388,10.0,0,1,close_quarters,52.15,4983.457248359165,clear,4,overtaking,48,40.07788034136007,8.928356092645075,0.2749799126361775,1,2161.1669558437634,7.613022093627215,135,14.639818114835368,1594.2856862439914,29538.525723273597,15913.392844436166,-1,3840.0,33624.386688392755,0.17571059431524547,0.44329896907216493,overtaking,14.874062965964004,-0.2527646797428006,-17.294024807300552,2.390271168731141,13.849013598640674,54.951943307324086,388,29,0,0,0,3880.0,890.0,-1,40.0,4,4.451103264139253,attack,clear,0.10129198966408269,-54.07205748541769,0,695.9491389813232,792.4261791484304
assisted,assisted,-1,0.0067349848403409854,give_way,23.742875168671425,0.0,278,10.0,1,1,close_quarters,51.67,4690.145548518469,clear,93,overtaking,182,34.88438527784537,9.76627794661919,0.2538874031801039,1,999.7183310916174,8.404599784508104,71,11.120299265529509,1585.606535145607,23364.78740093253,22519.506444605726,-1,1850.0,33658.28710995538,0.2184115523465704,0.1618705035971223,overtaking,-11.838429607548731,-0.2972222140029685,6.61619030528383,3.0497662404866,19.354503663335798,23.045955670296635,278,22,0,0,0,2780.0,1440.0,-1,930.0,4,5.277715585999893,attack,clear,0.06444043321299638,-27.930024594686884,0,853.1744711164023,527.1733989249457
assisted,assisted,75,1.3566513141699943,stand_on,-7.440398398835289,0.0,75,10.0,0,2,domain_infringement,61.82,849.3657944908471,passing,0,overtaken,48,40.07788034136007,3.6189040617633834,0.32865889253672664,2,1163.0204010875511,5.3244307524006125,135,41.62493237778744,849.3657944908471,3993.3230643004595,3728.7131962668163,-1,-1,33624.386688392755,0.11486486486486487,0.06,overtaken,14.874062965964004,-0.2527646797428006,-131.75363534859173,1.201816410216403,13.849013598640674,54.951943307324086,75,46,2,0,1,-1,80.0,-1,0.0,3,6.259575861348708,attack,domain_violation,0.08040540540540542,71.04499469055537,0,1163.0204010875511,393.61011690519246
assisted,assisted,-1,0.3917607401026544,stand_on,36.615310784669475,0.0,140,10.0,1,1,close_quarters,53.94,6424.098560607095,clear,10,overtaken,182,34.88438527784537,4.17751863107946,0.3821860593559809,1,4672.070392106417,4.787182278767999,71,11.955029049157844,1184.0070319222639,6702.0551902751995,2957.284384423134,-1,1300.0,33658.28710995538,0.20503597122302158,0.7071428571428572,overtaken,-11.838429607548731,-0.2972222140029685,161.19500202861929,2.0322114198702517,19.354503663335798,23.045955670296635,140,4,0,0,0,1400.0,690.0,-1,100.0,2,7.74884998598837,attack,clear,0.07805755395683454,-84.74511539344203,0,4672.070392106417,1480.406702758345
assisted,assisted,62,11.017814357701535,stand_on,20.0089033386868,0.0,62,10.0,0,2,domain_infringement,77.06,776.3934487571157,action,0,crossing_port,48,40.07788034136007,5.1661642161718415,0.6527548439006422,2,0.0,7.024609232092772,135,1.6015832233350424,776.3934487571157,4355.257723897519,4244.105154001876,-1,-1,33624.386688392755,0.9098360655737705,0.7338709677419355,data,,,,,,,62,48,2,0,1,-1,-1,-1,0.0,1,3.678797507411181,attack,domain_violation,0.080327868852459,135.05401570485833,0,834.1088417332844,409.16487468873515
assisted,assisted,81,9.914146912970887,give_way,-3.450556261665149,0.0,81,10.0,1,2,domain_infringement,74.21,796.6424798400848,action,8,crossing_starboard,183,49.79135122730751,3.551078736333993,0.5464554495844974,2,0.0,5.856785240825197,199,28.595804295905115,796.6424798400848,4743.996045068409,4008.416095972914,-1,-1,33633.20149084063,0.65625,0.654320987654321,data,,,,,,,81,67,2,0,1,-1,-1,-1,80.0,1,2.827487299251865,attack,domain_violation,0.05249999999999999,141.97118052362424,0,1941.383135882547,860.4192726047391
autonomous,autonomous,-1,0.7144625810662092,both_give_way,,0.0,131,10.0,0,0,safe_passage,41.64,6475.874105719613,clear,-1,none,48,40.07788034136007,5.1661642161718415,0.10722293816738265,0,2552.1153726433536,7.529001171969367,135,15.6953771746426,2741.7377974185993,9862.99153527987,9264.282601436626,-1,1310.0,33624.386688392755,0.21153846153846154,0.5648854961832062,head_on,185.9496251863856,-0.2527646797428006,0.3021429610823076,5.5752296838315285,17.13347722920078,-133.97249447225437,131,0,0,0,0,1310.0,-1,-1,-1,1,5.4915660267074795,attack,clear,0.08346153846153845,-13.243717775836785,0,2552.1153726433536,1356.0909756393578
autonomous,autonomous,-1,0.13133310374068968,both_give_way,,0.0,167,10.0,1,0,safe_passage,27.27,8627.019255295938,clear,-1,none,182,34.88438527784537,7.121315208778111,0.0014345849132746053,0,4058.2529244005163,7.979897468965376,71,298.1582970984874,8116.787581036211,13326.428773172178,11626.142904900194,-1,1670.0,33658.28710995538,0.2680722891566265,0.5449101796407185,head_on,175.2646281569805,-0.2972222140029685,-3.889730897769942,10.238701763623594,23.48596576538746,-149.8509865651741,167,0,0,0,0,1670.0,-1,-1,-1,0,6.621146853791457,attack,clear,0.05692771084337349,43.08042370517012,0,4058.2529244005163,2500.4553439577476
autonomous,autonomous,-1,0.4135739565847416,give_way,,0.0,154,10.0,0,0,safe_passage,40.81,5336.511682742422,clear,-1,none,48,40.07788034136007,5.1661642161718415,0.23785889230567084,0,1793.039760851223,7.417240824306573,135,73.34969921756603,1679.442431834505,11422.550869432122,10005.44984733163,-1,1540.0,33624.386688392755,0.7156862745098039,0.5097402597402597,crossing_starboard,119.74812593192802,-0.2527646797428006,-31.807013016470236,4.963766783962342,17.13347722920078,159.82600627328807,154,0,0,0,0,1540.0,-1,-1,-1,2,5.4915660267074795,attack,clear,0.32254901960784316,-15.213095998560277,0,1793.039760851223,357.78141016628246
autonomous,autonomous,-1,0.03306641747581125,give_way,75.22497581186214,0.0,351,10.0,1,1,close_quarters,51.54,6877.965955155462,clear,107,crossing_starboard,182,34.88438527784537,7.121315208778111,0.30103212976008864,1,6542.6982812225315,7.58707804559985,71,31.000814953534945,1465.9207466113417,26630.643940055474,13127.687353160432,-1,2440.0,33658.28710995538,0.21571428571428572,0.45726495726495725,crossing_starboard,66.32314078490253,-0.2972222140029685,-53.46798236124444,5.855616899449101,23.48596576538746,101.20752606274792,351,8,0,0,0,3510.0,1290.0,-1,1070.0,8,6.621146853791457,attack,clear,0.09799999999999999,-29.08816152371577,0,2321.720905278448,2483.2873149157294
autonomous,autonomous,58,0.13345194981171743,stand_on,66.77885489137535,0.0,58,10.0,0,2,domain_infringement,64.6,808.8513393797014,passing,0,crossing_port,48,40.07788034136007,5.1661642161718415,0.5134290724584468,2,1989.6530802972504,6.8340072086583135,135,13.046823263802207,789.8130261094097,3963.7241810218216,3216.578459207249,-1,-1,33624.386688392755,0.39473684210526316,0.6982758620689655,crossing_port,-60.251874068072,-0.2527646797428006,54.29551728410556,2.5992293478995268,17.13347722920078,-20.173993726711917,58,33,2,0,1,-1,560.0,-1,0.0,1,5.4915660267074795,attack,domain_violation,0.06140350877192982,107.1378520062835,0,1989.6530802972504,746.34625682344
autonomous,autonomous,-1,0.059068352994290765,stand_on,,0.0,104,10.0,1,0,safe_passage,37.68,9507.164604586984,clear,-1,none,182,34.88438527784537,7.121315208778111,0.0015884556757565455,0,5670.778077180693,7.755930299479416,71,55.64986299378412,9123.110680662698,8066.167511458592,4680.041253728838,-1,1040.0,33658.28710995538,0.16990291262135923,0.5865384615384616,crossing_port,-113.67685921509747,-0.2972222140029685,29.21292869368978,8.422560229739513,23.48596576538746,-78.79247393725211,104,0,0,0,0,1040.0,-1,-1,-1,1,6.621146853791457,attack,clear,0.03737864077669902,11.427961923475404,0,5670.778077180693,2311.1446722469354
autonomous,autonomous,-1,0.013177547622706242,give_way,6.504597951441928,0.0,202,10.0,0,2,domain_infringement,54.52,6204.941919248957,clear,27,overtaking,48,40.07788034136007,8.928356092645075,0.5065514998170887,2,3024.40504250039,7.69252386886614,135,233.6583259004893,810.6050489868494,15538.898215109604,6970.100674811121,-1,1750.0,33624.386688392755,0.16417910447761194,0.3811881188118812,overtaking,14.874062965964004,-0.2527646797428006,-17.294024807300552,2.390271168731141,13.849013598640674,54.951943307324086,202,56,1,0,0,2020.0,830.0,-1,270.0,2,4.451103264139253,attack,clear,0.060945273631840796,-56.17177571330745,0,3024.40504250039,1147.477966503231
autonomous,autonomous,-1,0.021568311936948702,give_way,,0.0,323,10.0,1,0,safe_passage,8.67,4351.200652172966,clear,-1,none,182,34.88438527784537,9.76627794661919,0.19716284573221443,0,2481.997090864896,8.183755315075572,71,794.2596282596055,1979.8113420995335,26433.5296676941,26179.642615493613,-1,3230.0,33658.28710995538,0.040372670807453416,0.02631578947368421,overtaking,-11.838429607548731,-0.2972222140029685,6.61619030528383,3.0497662404866,19.354503663335798,23.045955670296635,323,0,0,0,0,3230.0,-1,-1,-1,6,5.277715585999893,attack,clear,0.010869565217391304,-30.622977748805674,0,2481.997090864896,775.9469128460171
autonomous,autonomous,-1,0.04298136932682155,stand_on,-6.954193172731716,0.0,232,10.0,0,1,close_quarters,48.45,6639.639239556727,clear,0,overtaken,48,40.07788034136007,3.6189040617633834,0.23303791634975857,1,1745.5574623024227,6.125840366983355,135,79.32841470260828,1801.0302688425718,14211.949651401383,4212.620679548593,-1,2320.0,33624.386688392755,0.2748917748917749,0.3879310344827586,overtaken,14.874062965964004,-0.2527646797428006,-131.75363534859173,1.201816410216403,13.849013598640674,54.951943307324086,232,2,0,0,0,2320.0,60.0,-1,0.0,7,6.259575861348708,attack,clear,0.0878787878787879,-120.51234153318592,0,205.88344677873383,780.9758492639763
autonomous,autonomous,-1,0.02715641517277163,stand_on,,0.0,149,10.0,1,0,safe_passage,42.37,6372.431938324072,clear,-1,none,182,34.88438527784537,4.17751863107946,0.2416804240724588,0,5154.728956727834,4.785417067281356,71,29.773412231951127,1745.485078005025,7130.27143024922,2729.9705123126564,-1,1490.0,33658.28710995538,0.23986486486486486,0.6845637583892618,overtaken,-11.838429607548731,-0.2972222140029685,161.19500202861929,2.0322114198702517,19.354503663335798,23.045955670296635,149,0,0,0,0,1490.0,-1,-1,-1,3,7.74884998598837,attack,clear,0.09695945945945947,-88.37595354221193,0,5154.728956727834,1687.041152013834
autonomous,autonomous,72,10.111848635648471,stand_on,21.281024490140577,0.0,72,10.0,0,2,domain_infringement,76.31,802.1174130151032,action,0,crossing_port,48,40.07788034136007,5.1661642161718415,0.6001639371069853,2,0.0,6.666127123780757,135,0.6199933030509536,802.1174130151032,4799.611529122145,4668.293329680293,-1,-1,33624.386688392755,0.8661971830985915,0.7083333333333334,data,,,,,,,72,57,2,0,1,-1,-1,-1,0.0,1,3.678797507411181,attack,domain_violation,0.14788732394366194,135.00771439362012,0,960.0963596447318,462.30839012101484
autonomous,autonomous,-1,1.6438702821445248,give_way,-20.245816951724407,0.0,173,10.0,1,1,close_quarters,58.37,6001.161693202363,clear,41,crossing_starboard,183,49.79135122730751,3.551078736333993,0.680201362063377,1,3000.1170588079585,6.689875773875446,199,41.931530414922676,458.50217802476556,11573.485088804522,9427.291450311399,-1,1320.0,33633.20149084063,0.25290697674418605,0.5606936416184971,data,,,,,,,173,56,0,0,0,1730.0,990.0,-1,410.0,1,2.827487299251865,attack,clear,0.038662790697674414,-29.325460915518008,0,611.3208594570688,1566.2060225228233
